{"ALDA": {"TCTC": 8.754242551479752, "TCTE": 8.754242551479752}, "CDOP": {"TCTC": 8.754242551479752, "TCTE": 8.754242551479752}, "AKCK": {"TCTC": 8.754242551479752, "TCTE": 8.754242551479752}, "Static MCP07": {"TCTC": 8.706206652492625, "TCTE": 8.706206652492625}, "GKI": {"TCTC": 10.509751738148875, "TCTE": 10.509751738148875}, "MCP07": {"TCTC": 10.668858897839005, "TCTE": 10.668858897839005}, "rMCP07": {"TCTC": 10.509751738148875, "TCTE": 10.509751738148875}}